Picture,Sum of Amount
https://files.chandoo.org/pbix/img/circle/men-10.png,44692389
https://files.chandoo.org/pbix/img/circle/men-17.png,44692389
https://files.chandoo.org/pbix/img/circle/men-22.png,44692389
https://files.chandoo.org/pbix/img/circle/men-27.png,44692389
https://files.chandoo.org/pbix/img/circle/men-28.png,44692389
https://files.chandoo.org/pbix/img/circle/men-30.png,44692389
https://files.chandoo.org/pbix/img/circle/men-46.png,44692389
https://files.chandoo.org/pbix/img/circle/men-52.png,44692389
https://files.chandoo.org/pbix/img/circle/men-57.png,44692389
https://files.chandoo.org/pbix/img/circle/men-61.png,44692389
https://files.chandoo.org/pbix/img/circle/men-74.png,44692389
https://files.chandoo.org/pbix/img/circle/men-8.png,44692389
https://files.chandoo.org/pbix/img/circle/men-80.png,44692389
https://files.chandoo.org/pbix/img/circle/men-94.png,44692389
https://files.chandoo.org/pbix/img/circle/women-21.png,44692389
https://files.chandoo.org/pbix/img/circle/women-33.png,44692389
https://files.chandoo.org/pbix/img/circle/women-4.png,44692389
https://files.chandoo.org/pbix/img/circle/women-55.png,44692389
https://files.chandoo.org/pbix/img/circle/women-58.png,44692389
https://files.chandoo.org/pbix/img/circle/women-59.png,44692389
https://files.chandoo.org/pbix/img/circle/women-6.png,44692389
https://files.chandoo.org/pbix/img/circle/women-60.png,44692389
https://files.chandoo.org/pbix/img/circle/women-7.png,44692389
https://files.chandoo.org/pbix/img/circle/women-81.png,44692389
https://files.chandoo.org/pbix/img/circle/women-89.png,44692389
